"Alpha","Fold","Lambda","MAE","RMSE","R2"
0,1,95712.3434830683,130.77198935748,168.58824243789,0.00087512861809691
0,1,85179.4905973343,130.764153424073,168.57073545906,0.0010826252917927
0,1,75805.7462014279,130.755353111568,168.55107848334,0.00131557853449626
0,1,67463.5539242722,130.745470365302,168.529009524776,0.0015770836216551
0,1,60039.394586257,130.734372844737,168.504235210129,0.00187060490289448
0,1,53432.2414489247,130.72191223783,168.476427158282,0.00220001791333924
0,1,47552.1854597398,130.707922388099,168.445217979497,0.00256965578217205
0,1,42319.2117844982,130.692217216398,168.410196864008,0.00298436024769611
0,1,37662.110978632,130.674588421474,168.37090473736,0.0034495374820025
0,1,33517.5099808067,130.654802924516,168.326828915431,0.00397121943952139
0,1,29829.0097427323,130.632600074373,168.277397325636,0.00455612984385456
0,1,26546.4177601956,130.607688548322,168.221972158959,0.00521175629459425
0,1,23625.0650617232,130.579742962135,168.159843021594,0.00594642753187014
0,1,21025.1983605694,130.54840016004,168.0902195524,0.00676939607881666
0,1,18711.439098532,130.513255172234,168.012223522512,0.00769092585001618
0,1,16652.3020203549,130.473856829744,167.924880447516,0.00872238410378223
0,1,14819.766727556,130.42970303246,167.827110767381,0.00987633677076716
0,1,13188.8963814564,130.380235674384,167.717720681458,0.0111666457541451
0,1,11737.4983667829,130.32483524124,167.595392766523,0.0126085662510628
0,1,10445.8222982125,130.262815110197,167.458676556782,0.0142188414738682
0,1,9296.29126037878,130.193415600197,167.305979327624,0.0160157913357811
0,1,8273.26262410027,130.115797845279,167.135557401404,0.0180193906939022
0,1,7362.81518405712,130.029037592968,166.945508385215,0.0202513316015925
0,1,6552.55972132006,129.932119066427,166.733764858742,0.0227350627085916
0,1,5831.4704128981,129.823929073263,166.498090155536,0.0254957974688192
0,1,5189.73479415388,129.703251596621,166.236077022894,0.0285604811984049
0,1,4618.62023239971,129.568763165746,165.94515010223,0.0319577053206881
0,1,4110.3550946691,129.419029373708,165.62257333908,0.0357175554249018
0,1,3658.02299261441,129.25250298871,165.265463602602,0.0398713781782875
0,1,3255.4686654324,129.067524190638,164.870811957573,0.0444514508480007
0,1,2897.21422008824,128.862323553101,164.435514171329,0.0494905364518546
0,1,2578.3845890486,128.635028478168,163.956412131976,0.055021307675895
0,1,2294.64119116496,128.383673869071,163.430347874036,0.061075624049195
0,1,2042.12289297532,128.106217885053,162.854231817878,0.0676836498852122
0,1,1817.39346703557,127.800563649317,162.225126588229,0.0748728056473761
0,1,1617.39483230184,127.464587759217,161.540347338202,0.0826665531202361
0,1,1439.40544026699,127.09617635847,160.797578821469,0.0910830254242144
0,1,1281.00324057642,126.6932693535,159.995008483939,0.100133526673322
0,1,1140.03272216542,126.253913069641,159.13147355887,0.109820942803988
0,1,1014.57558141935,125.776321230677,158.206618541829,0.12013812421686
0,1,902.924618213772,125.258943597386,157.221057529522,0.131066321211869
0,1,803.560504616077,124.723468723709,156.176533818518,0.142573772926608
0,1,715.131110121055,124.167240037603,155.076067033377,0.154614567083975
0,1,636.433102081484,123.571094956861,153.924076122879,0.16712789820932
0,1,566.395570955507,122.935098336233,152.726465137214,0.180037852678901
0,1,504.065457545829,122.259906155885,151.490658145001,0.193253836773382
0,1,448.594583927009,121.546827305582,150.225570351081,0.206671736429077
0,1,399.228111579834,120.79786910495,148.94150477088,0.220175853804195
0,1,355.294269672978,120.0157612707,147.649967907085,0.233641607638129
0,1,316.195213716086,119.20395370508,146.363403730553,0.246938916026852
0,1,281.398890190334,118.366584724712,145.094852544823,0.259936108841309
0,1,250.431796451709,117.508472875828,143.85761720716,0.272503465212098
0,1,222.872537384956,116.634830527116,142.664611575558,0.284519633953286
0,1,198.346091128197,115.751401104481,141.52817411783,0.295872977847125
0,1,176.518705837153,114.864160546109,140.459492406899,0.306466580875739
0,1,157.093358044976,113.979194729544,139.468261634066,0.316220652489853
0,1,139.805710815793,113.277993414268,138.562392097244,0.325074326756525
0,1,124.420516691185,113.085249307664,137.74781720809,0.332986452009044
0,1,110.728416481486,112.911893670095,137.02841130994,0.339935388720376
0,1,98.5430903403902,112.747692509681,136.406015359199,0.345917922448998
0,1,87.6987223551414,112.594275773575,135.880558154319,0.350947468419029
0,1,78.0477441508835,112.453037196317,135.450252824129,0.355051786799234
0,1,69.4588268045008,112.394357355716,135.11184371446,0.358270440143528
0,1,61.8150937422454,112.550942301224,134.860877934943,0.360652208910449
0,1,55.0125303025558,112.708869655705,134.691978255718,0.362252643638571
0,1,48.9585683216614,112.872341026824,134.605863463051,0.363067865536701
0,1,43.5708264812431,113.033524794308,134.584470118759,0.36327030880733
0,1,38.7759892770118,113.225289079118,134.625932583658,0.362877924022794
0,1,34.5088093533919,113.433412854665,134.723544883654,0.361953681624566
0,1,30.7112196282441,113.642808696756,134.870458035986,0.360561371091725
0,1,27.3315431255683,113.852510565565,135.059923211074,0.358763550429144
0,1,24.3237897637187,114.06147425931,135.285372195563,0.356620993828626
0,1,21.6470305299413,114.268610996949,135.540479331779,0.354192271146844
0,1,19.2648405251046,114.472822068558,135.819214395661,0.351533370258276
0,1,17.1448032996662,114.673032776808,136.115889614349,0.348697334194155
0,1,15.2580697359626,114.868223914134,136.425202092064,0.345733904454266
0,1,13.5789654741639,115.085496557793,136.742271448654,0.342689176733909
0,1,12.0846415398102,115.366295802983,137.062671497293,0.339605285437005
0,1,10.7547634187279,115.631656173977,137.382454349003,0.336520138187584
0,1,9.57123434830684,115.881479319274,137.698165389195,0.333467221399254
0,2,95712.3434830683,121.842271840467,152.037033255472,-0.00484203616756029
0,2,85179.4905973343,121.839248187751,152.027787254507,-0.00471982268138516
0,2,75805.7462014279,121.835852692603,152.017406257105,-0.00458261568838303
0,2,67463.5539242722,121.832039909765,152.00575208788,-0.00442859218119884
0,2,60039.394586257,121.827758913769,151.992670051084,-0.00425571179752371
0,2,53432.2414489247,121.822952657433,151.977987034372,-0.0040616920311658
0,2,47552.1854597398,121.817557260308,151.961509415751,-0.0038439809130304
0,2,42319.2117844982,121.811501220802,151.943020758928,-0.00359972698467637
0,2,37662.110978632,121.804704545143,151.922279282594,-0.00332574639518635
0,2,33517.5099808067,121.797077788527,151.899015091897,-0.00301848699342644
0,2,29829.0097427323,121.788520997536,151.872927157929,-0.00267398926195384
0,2,26546.4177601956,121.778922553262,151.843680041208,-0.00228784408038019
0,2,23625.0650617232,121.768157905623,151.81090035291,-0.00185514728581104
0,2,21025.1983605694,121.756088195831,151.774172957749,-0.00137045114267287
0,2,18711.439098532,121.742558763733,151.733036929704,-0.000827712943167747
0,2,16652.3020203549,121.727397539075,151.686981283269,-0.000220241125771015
0,2,14819.766727556,121.710413318678,151.635440517621,0.000459360489652227
0,2,13188.8963814564,121.691393935375,151.57779003002,0.00121924948358576
0,2,11737.4983667829,121.670104329634,151.513341478604,0.00206840143358811
0,2,10445.8222982125,121.646284541267,151.441338204539,0.00301666471015516
0,2,9296.29126037878,121.619647646833,151.360950860113,0.00407481135183962
0,2,8273.26262410027,121.589877678444,151.271273433796,0.00525458129505407
0,2,7362.81518405712,121.556627572155,151.171319916469,0.00656871652016044
0,2,6552.55972132006,121.519517208948,151.060021915424,0.00803098084821474
0,2,5831.4704128981,121.478131629032,150.936227594905,0.00965616018468241
0,2,5189.73479415388,121.432019520576,150.798702403154,0.0114600369708736
0,2,4618.62023239971,121.380692107287,150.646132135108,0.0134593314993993
0,2,4110.3550946691,121.323622584935,150.477128973972,0.0156716016265284
0,2,3658.02299261441,121.260246284577,150.29024124938,0.0181150913499132
0,2,3255.4686654324,121.189961768587,150.083967737247,0.0208085178281419
0,2,2897.21422008824,121.112133093231,149.856777396386,0.0237707858550699
0,2,2578.3845890486,121.026093495892,149.607135475074,0.0270206187712482
0,2,2294.64119116496,120.931150783225,149.333536908409,0.0305760955516657
0,2,2042.12289297532,120.826594704394,149.034547841457,0.03445408565401
0,2,1817.39346703557,120.711706586469,148.708855926738,0.0386695764763114
0,2,1617.39483230184,120.585771481507,148.3553297282,0.0432348932908083
0,2,1439.40544026699,120.448093021147,147.973087088028,0.0481588185798554
0,2,1281.00324057642,120.298011089217,147.561571653365,0.0534456269723237
0,2,1140.03272216542,120.134922301331,147.120635904045,0.0590940634318479
0,2,1014.57558141935,119.958303120484,146.650627977119,0.0650963056357891
0,2,902.924618213772,119.767735240011,146.152478386045,0.0714369658387852
0,2,803.560504616077,119.56293263538,145.627781459472,0.07809220166106
0,2,715.131110121055,119.343769435227,145.078865101864,0.0850290173606202
0,2,636.433102081484,119.110307507122,144.50884148217,0.0922048449409059
0,2,566.395570955507,118.862822418533,143.921630707502,0.0995674953279488
0,2,504.065457545829,118.601831423757,143.321946146188,0.107055605338738
0,2,448.594583927009,118.328099478437,142.715258356998,0.114599346886043
0,2,399.228111579834,118.153843598754,142.107670520825,0.122122207942563
0,2,355.294269672978,117.986714949906,141.505789684323,0.129542762735845
0,2,316.195213716086,117.816039817074,140.916531758586,0.136777178647636
0,2,281.398890190334,117.643025891109,140.346894064291,0.143742016401877
0,2,250.431796451709,117.469005721773,139.803703724137,0.150357210834926
0,2,222.872537384956,117.295416961751,139.293358678881,0.156549028944046
0,2,198.346091128197,117.123779024782,138.821580784974,0.162252784799337
0,2,176.518705837153,116.955667210217,138.393201028005,0.167415097956678
0,2,157.093358044976,116.792685535265,138.011995020633,0.171995514355165
0,2,139.805710815793,116.636439598525,137.680582723874,0.175967363219392
0,2,124.420516691185,116.488510754199,137.400400256921,0.179317793185497
0,2,110.728416481486,116.350432704731,137.171744624074,0.182047006006141
0,2,98.5430903403902,116.223671343017,136.993885251268,0.184166776232844
0,2,87.6987223551414,116.109608336058,136.86523040653,0.185698400957057
0,2,78.0477441508835,116.009528590614,136.783532636345,0.186670258734558
0,2,69.4588268045008,115.924611423555,136.746115642613,0.187115168891142
0,2,61.8150937422454,115.855925004827,136.750105481502,0.18706773314775
0,2,55.0125303025558,115.804423461722,136.792651158117,0.186561815678404
0,2,48.9585683216614,115.770945928766,136.871122977799,0.185628281855429
0,2,43.5708264812431,115.756216791706,136.983280705734,0.184293076844012
0,2,38.7759892770118,115.760846399193,137.12740708225,0.182575688704039
0,2,34.5088093533919,115.799234291735,137.315739847804,0.180328822063574
0,2,30.7112196282441,115.848739355394,137.527043448974,0.177804235546564
0,2,27.3315431255683,115.918017211222,137.769142139752,0.174906947619286
0,2,24.3237897637187,116.075431278729,138.044219290835,0.171608809486118
0,2,21.6470305299413,116.285207365136,138.354392294245,0.167881985565198
0,2,19.2648405251046,116.535890891886,138.730055250718,0.163357079749453
0,2,17.1448032996662,116.790666403046,139.132968232637,0.158490307314356
0,2,15.2580697359626,117.061000392468,139.57898372242,0.153086441498342
0,2,13.5789654741639,117.407005056293,140.112910006491,0.146594715182749
0,2,12.0846415398102,117.821204475588,140.683524515143,0.139629517917726
0,2,10.7547634187279,118.281259445975,141.310216375174,0.131947195243413
0,2,9.57123434830684,118.792328558754,142.052288652739,0.122806323559271
0,3,95712.3434830683,135.419602974196,168.680416318973,-0.00333317516571952
0,3,85179.4905973343,135.414067782657,168.669111789895,-0.00319869803746342
0,3,75805.7462014279,135.407851387236,168.656418597236,-0.00304771229889034
0,3,67463.5539242722,135.400870403652,168.64216742936,-0.00287820795959171
0,3,60039.394586257,135.393031358127,168.626168664407,-0.00268793465013584
0,3,53432.2414489247,135.384229497548,168.608210021413,-0.0024743740156381
0,3,47552.1854597398,135.374347467134,168.5880539626,-0.0022347092366517
0,3,42319.2117844982,135.363253843228,168.565434826865,-0.00196579146199172
0,3,37662.110978632,135.350801508056,168.540055674522,-0.00166410294327668
0,3,33517.5099808067,135.336825848311,168.511584820349,-0.00132571663207481
0,3,29829.0097427323,135.32114278894,168.479652058685,-0.000946252325586094
0,3,26546.4177601956,135.303546589293,168.443844516272,-0.000520828647454952
0,3,23625.0650617232,135.283807462797,168.403702185156,-4.40115479694025e-05
0,3,21025.1983605694,135.26166895528,168.358713087305,0.000490241174707529
0,3,18711.439098532,135.236845091914,168.308308092698,0.00108863898129252
0,3,16652.3020203549,135.209017282316,168.251855404891,0.00175862104802349
0,3,14819.766727556,135.177830980722,168.188654746443,0.00250842155501663
0,3,13188.8963814564,135.142892103894,168.117931296883,0.00334713702141387
0,3,11737.4983667829,135.103763217092,168.038829461936,0.00428479456558151
0,3,10445.8222982125,135.05995950857,167.950406585496,0.00533241954920405
0,3,9296.29126037878,135.010944586026,167.851626756533,0.0065021005490874
0,3,8273.26262410027,134.956126144885,167.741354913102,0.00780704897700024
0,3,7362.81518405712,134.894851578774,167.618351505941,0.00926164992470069
0,3,6552.55972132006,134.82640362763,167.481268055989,0.0108814999404224
0,3,5831.4704128981,134.749996189224,167.328644024163,0.0126834264426505
0,3,5189.73479415388,134.664770455836,167.158905508065,0.0146854823545925
0,3,4618.62023239971,134.569791579778,166.970366388088,0.0169069083203406
0,3,4110.3550946691,134.464046119379,166.761232662453,0.0193680535833997
0,3,3658.02299261441,134.346440570387,166.52961083274,0.0220902453395508
0,3,3255.4686654324,134.215801345445,166.2735213216,0.0250955952236359
0,3,2897.21422008824,134.071340713299,165.9909180121,0.028406730702294
0,3,2578.3845890486,133.911465978306,165.679715078833,0.0320464387214555
0,3,2294.64119116496,133.734654020823,165.337822314728,0.0360372092539939
0,3,2042.12289297532,133.540364691822,164.963190119107,0.0404006677199935
0,3,1817.39346703557,133.326503955886,164.553865171078,0.0451568879657447
0,3,1617.39483230184,133.091375906241,164.108057532529,0.0503235819661687
0,3,1439.40544026699,132.833596621128,163.624219469128,0.0559151690177303
0,3,1281.00324057642,132.554538037033,163.101135610159,0.0619417361902519
0,3,1140.03272216542,132.25415100282,162.538023161487,0.0684079133093525
0,3,1014.57558141935,131.928269258202,161.934639730628,0.0753116995665458
0,3,902.924618213772,131.574947168666,161.291394937884,0.0826432944161004
0,3,803.560504616077,131.193251998116,160.609460433724,0.0903840016114631
0,3,715.131110121055,130.782503754458,159.890871335008,0.0985052903596919
0,3,636.433102081484,130.346521770537,159.138610608729,0.106968109342712
0,3,566.395570955507,129.887144720264,158.356666811512,0.115722555029696
0,3,504.065457545829,129.429784114705,157.550055124438,0.12470799239573
0,3,448.594583927009,128.946541273102,156.724792110387,0.133853711310688
0,3,399.228111579834,128.503478233168,155.887816332476,0.143080173872839
0,3,355.294269672978,128.148939138256,155.046850068075,0.152300866880132
0,3,316.195213716086,127.784670404854,154.210201809325,0.161424721718213
0,3,281.398890190334,127.409224610397,153.386514784633,0.170359005933188
0,3,250.431796451709,127.070546500994,152.58465756963,0.179010545449607
0,3,222.872537384956,126.727730606081,151.812742170953,0.187296193595117
0,3,198.346091128197,126.412310027093,151.078703683823,0.19513629506868
0,3,176.518705837153,126.152987182104,150.389443770481,0.202463533050485
0,3,157.093358044976,125.935567502118,149.750699532253,0.209223847934955
0,3,139.805710815793,125.750077362029,149.166849506612,0.215378004775835
0,3,124.420516691185,125.591897452929,148.640799146709,0.22090232714461
0,3,110.728416481486,125.513661696724,148.173952579282,0.225788575030297
0,3,98.5430903403902,125.437980201153,147.766268710814,0.230043024456931
0,3,87.6987223551414,125.365254197545,147.416391729674,0.2336848744828
0,3,78.0477441508835,125.295959937302,147.121839803824,0.236744155595412
0,3,69.4588268045008,125.230527233521,146.879232059399,0.239259337604203
0,3,61.8150937422454,125.16933504878,146.684532983127,0.241274834734102
0,3,55.0125303025558,125.116561684461,146.533294954402,0.242838584379789
0,3,48.9585683216614,125.070571868725,146.420883042705,0.243999840119681
0,3,43.5708264812431,125.056120621737,146.342670686846,0.244807276329819
0,3,38.7759892770118,125.048779280996,146.294199601436,0.245307457838727
0,3,34.5088093533919,125.076299788578,146.271301584648,0.245543688805318
0,3,30.7112196282441,125.12324834742,146.270183406605,0.245555223716784
0,3,27.3315431255683,125.169441390619,146.28747844877,0.245376801493989
0,3,24.3237897637187,125.215221973213,146.32027024297,0.245038450975468
0,3,21.6470305299413,125.260942855168,146.366093657694,0.244565511263363
0,3,19.2648405251046,125.306960132227,146.422919401302,0.243978811724035
0,3,17.1448032996662,125.353627549456,146.48912697592,0.24329496187468
0,3,15.2580697359626,125.401291459822,146.563470421998,0.242526709153451
0,3,13.5789654741639,125.450286373803,146.6450403028,0.241683331200645
0,3,12.0846415398102,125.50093104061,146.733224506329,0.240771037709563
0,3,10.7547634187279,125.553695207693,146.827669662074,0.239793364458941
0,3,9.57123434830684,125.610910502453,146.928244319074,0.238751548459297
0,4,95712.3434830683,129.574347923117,163.831922818724,0.00105708099037571
0,4,85179.4905973343,129.56871530962,163.81931736765,0.00121079513163436
0,4,75805.7462014279,129.562389346207,163.805162826421,0.00138338518324654
0,4,67463.5539242722,129.555285120765,163.78927016106,0.00157715086815491
0,4,60039.394586257,129.547307436317,163.771427618977,0.0017946673314666
0,4,53432.2414489247,129.538349595196,163.751398090179,0.00203881687724172
0,4,47552.1854597398,129.528292047257,163.728916185957,0.00231282403495126
0,4,42319.2117844982,129.517000889067,163.703685011422,0.00262029421488075
0,4,37662.110978632,129.50432620027,163.675372608009,0.00296525620761023
0,4,33517.5099808067,129.490100201681,163.643608040435,0.00335220879363085
0,4,29829.0097427323,129.474135226574,163.607977118036,0.00378617153117589
0,4,26546.4177601956,129.456221475983,163.568017703262,0.00427274022950208
0,4,23625.0650617232,129.436124561884,163.523214627153,0.00481814678294201
0,4,21025.1983605694,129.413585163048,163.47299417783,0.00542932367751958
0,4,18711.439098532,129.388529068259,163.416718171155,0.00611397293486426
0,4,16652.3020203549,129.360437833728,163.353677613645,0.00688063922029025
0,4,14819.766727556,129.328952442227,163.283085985243,0.00773878659867355
0,4,13188.8963814564,129.293673639407,163.204072190442,0.00869887813202341
0,4,11737.4983667829,129.254158000486,163.115673253255,0.0097724571449892
0,4,10445.8222982125,129.20991376432,163.016826865744,0.0109722285246511
0,4,9296.29126037878,129.160396464828,162.906363942646,0.0123121378536029
0,4,8273.26262410027,129.105004405811,162.783001387516,0.0138074454853858
0,4,7362.81518405712,129.043074045375,162.645335340183,0.0154747918447955
0,4,6552.55972132006,128.97387538109,162.491835252423,0.0173322492617759
0,4,5831.4704128981,128.896607457323,162.320839229841,0.0193993545218022
0,4,5189.73479415388,128.8103941525,162.130551183289,0.0216971150430191
0,4,4618.62023239971,128.715295504262,161.91904045253,0.0242479801910614
0,4,4110.3550946691,128.609747679656,161.684244696394,0.027075767758069
0,4,3658.02299261441,128.492930504333,161.423976983653,0.0302055341338699
0,4,3255.4686654324,128.363096008318,161.13593816075,0.0336633752941139
0,4,2897.21422008824,128.218977596327,160.817735706275,0.0374761445798041
0,4,2578.3845890486,128.059229967265,160.46691039302,0.0416710725599831
0,4,2294.64119116496,127.882435370937,160.080972146447,0.0462752743327397
0,4,2042.12289297532,127.68734024093,159.657446487217,0.0513151307726457
0,4,1817.39346703557,127.473789536127,159.193932842325,0.0568155328752534
0,4,1617.39483230184,127.240358026758,158.688175765849,0.062798982915609
0,4,1439.40544026699,126.999140280384,158.138149683906,0.0692845530537857
0,4,1281.00324057642,126.74133264322,157.542157126579,0.0762867116366196
0,4,1140.03272216542,126.45973825843,156.89893949583,0.0838140399408505
0,4,1014.57558141935,126.153086745145,156.207798221388,0.0918678773662461
0,4,902.924618213772,125.820239915124,155.46872268201,0.100440950575105
0,4,803.560504616077,125.460240159417,154.682519564018,0.109516060678092
0,4,715.131110121055,125.072362682028,153.850936494971,0.119064920512577
0,4,636.433102081484,124.65616994425,152.976770997465,0.129047248893866
0,4,566.395570955507,124.236286414297,152.063954298124,0.139410237423085
0,4,504.065457545829,123.827718437783,151.11759860547,0.150088504722147
0,4,448.594583927009,123.404549260208,150.14399648009,0.161004639785004
0,4,399.228111579834,122.988019169648,149.150562191627,0.172070408346698
0,4,355.294269672978,122.562214456004,148.145707736197,0.183188653317599
0,4,316.195213716086,122.136185070723,147.138650552883,0.194255864313521
0,4,281.398890190334,121.720087510426,146.139155755704,0.205165326790033
0,4,250.431796451709,121.34503791191,145.157222408965,0.215810695542078
0,4,222.872537384956,120.987998499206,144.202730235788,0.226089779472605
0,4,198.346091128197,120.654954529285,143.285069153765,0.23590828407765
0,4,176.518705837153,120.322547419238,142.412778106733,0.245183243087252
0,4,157.093358044976,119.989603188548,141.593220896192,0.253845885854893
0,4,139.805710815793,119.674869795158,140.832324590485,0.261843732412107
0,4,124.420516691185,119.406085332597,140.134400651965,0.269141778477679
0,4,110.728416481486,119.16286330998,139.502060839716,0.275722718607881
0,4,98.5430903403902,118.952340519761,138.936230404344,0.281586244939048
0,4,87.6987223551414,118.797860818218,138.436070260197,0.286749407349245
0,4,78.0477441508835,118.659512672013,137.999812505791,0.291237700257629
0,4,69.4588268045008,118.527418146205,137.624104664502,0.295091691964261
0,4,61.8150937422454,118.403455862442,137.304808072558,0.298358761015228
0,4,55.0125303025558,118.289487672817,137.037150577392,0.301091607650867
0,4,48.9585683216614,118.222259702745,136.815986845842,0.30334571837742
0,4,43.5708264812431,118.17841952875,136.636032801772,0.305177131670652
0,4,38.7759892770118,118.149571909909,136.492063428401,0.306640589147845
0,4,34.5088093533919,118.134735992804,136.379069078211,0.307788103003833
0,4,30.7112196282441,118.120878538389,136.292369808763,0.308667932877474
0,4,27.3315431255683,118.109260707284,136.227690596725,0.309323937368998
0,4,24.3237897637187,118.098044881147,136.181202470106,0.309795247681806
0,4,21.6470305299413,118.087261608743,136.149535726843,0.310116202337831
0,4,19.2648405251046,118.076942049471,136.129771673621,0.310316480809154
0,4,17.1448032996662,118.067116665832,136.119418962462,0.310421378109345
0,4,15.2580697359626,118.057813970588,136.116379858566,0.310452169861141
0,4,13.5789654741639,118.05177699974,136.118910840015,0.310426526378791
0,4,12.0846415398102,118.047674510093,136.125984432855,0.310354855386201
0,4,10.7547634187279,118.042993716239,136.13568382789,0.310256573209871
0,4,9.57123434830684,118.039246680055,136.147337487253,0.310138479573307
0,5,95712.3434830683,125.89529148646,163.30730816963,-0.0056368822867876
0,5,85179.4905973343,125.88926926835,163.293686245807,-0.00546912325831994
0,5,75805.7462014279,125.88250573783,163.27839001798,-0.00528076123655552
0,5,67463.5539242722,125.874910107957,163.26121509437,-0.00506928545937813
0,5,60039.394586257,125.86638059514,163.241932498565,-0.00483188430710424
0,5,53432.2414489247,125.856803119075,163.220285808601,-0.00456541059206139
0,5,47552.1854597398,125.846049857312,163.195987988401,-0.00426634319614028
0,5,42319.2117844982,125.833977640481,163.168717885364,-0.00393074476812849
0,5,37662.110978632,125.820426173383,163.138116367552,-0.00355421519675403
0,5,33517.5099808067,125.805216066618,163.10378207431,-0.00313184059037064
0,5,29829.0097427323,125.788146662461,163.065266753852,-0.00265813750310318
0,5,26546.4177601956,125.768993642414,163.022070174531,-0.00212699232476088
0,5,23625.0650617232,125.747506393677,162.973634570529,-0.00153159545077086
0,5,21025.1983605694,125.723405129563,162.919338636777,-0.000864370535633263
0,5,18711.439098532,125.696377744743,162.858491051397,-0.000116898711083557
0,5,16652.3020203549,125.666076398185,162.79032354252,0.000720161844510292
0,5,14819.766727556,125.632113817946,162.713983524726,0.00165716045904141
0,5,13188.8963814564,125.5940593282,162.628526353521,0.00270554178808657
0,5,11737.4983667829,125.551434606842,162.53290727482,0.00387793565254224
0,5,10445.8222982125,125.50370919254,162.425973182761,0.00518824714019372
0,5,9296.29126037878,125.450295773733,162.306454344911,0.00665174460035145
0,5,8273.26262410027,125.390545309517,162.17295631062,0.00828514240599643
0,5,7362.81518405712,125.323742054202,162.023952287638,0.0101066744506193
0,5,6552.55972132006,125.249098584336,161.857776355699,0.0121361532737181
0,5,5831.4704128981,125.165750959872,161.672617985029,0.0143950084624089
0,5,5189.73479415388,125.072754190554,161.466518443425,0.0169062965596647
0,5,4618.62023239971,124.969078224922,161.23736980769,0.0196946731409207
0,5,4110.3550946691,124.85360473287,160.982917442405,0.0227863160416937
0,5,3658.02299261441,124.725125013034,160.700766967741,0.0262087870026793
0,5,3255.4686654324,124.582339422489,160.388396902001,0.0299908173608308
0,5,2897.21422008824,124.423858796303,160.043178323573,0.0341620020238607
0,5,2578.3845890486,124.248208395157,159.662403035903,0.0387523850544723
0,5,2294.64119116496,124.053834985477,159.243321816616,0.0437919200657251
0,5,2042.12289297532,123.839117711422,158.783194359824,0.0493097896730998
0,5,1817.39346703557,123.602383452286,158.279352442883,0.0553335709152719
0,5,1617.39483230184,123.341927360671,157.729277622159,0.0618882383459139
0,5,1439.40544026699,123.056039232135,157.130694337494,0.0689950039195341
0,5,1281.00324057642,122.743036250159,156.481678630722,0.076670003284505
0,5,1140.03272216542,122.401302464773,155.780781712555,0.0849228519230935
0,5,1014.57558141935,122.03530371853,155.027166310785,0.0937551116988027
0,5,902.924618213772,121.643347586401,154.220752094514,0.103158728272066
0,5,803.560504616077,121.223362727869,153.362364530201,0.113114521377101
0,5,715.131110121055,120.775294507725,152.453879383263,0.123590831199525
0,5,636.433102081484,120.297284342805,151.498352908193,0.134542442326519
0,5,566.395570955507,119.786961899284,150.500125832212,0.145909918515548
0,5,504.065457545829,119.253124108219,149.464887877669,0.157619482991674
0,5,448.594583927009,118.6922554434,148.399689192299,0.169583566421391
0,5,399.228111579834,118.102263990638,147.312886079926,0.181702115311532
0,5,355.294269672978,117.485093446077,146.214011195491,0.193864706339169
0,5,316.195213716086,116.843248518466,145.113563066887,0.205953448683855
0,5,281.398890190334,116.179778652557,144.022716335854,0.217846581670629
0,5,250.431796451709,115.498238365865,142.952962013333,0.2294225970076
0,5,222.872537384956,114.852740100964,141.915695472446,0.240564644115853
0,5,198.346091128197,114.245307003907,140.921777675285,0.251164924875775
0,5,176.518705837153,113.633608913371,139.981100905649,0.261128760658287
0,5,157.093358044976,113.034063733022,139.102192815764,0.270378026331236
0,5,139.805710815793,112.477150476969,138.291891051809,0.278853694223106
0,5,124.420516691185,111.982367492302,137.555114930084,0.286517310818442
0,5,110.728416481486,111.496772386304,136.894751221195,0.293351329690031
0,5,98.5430903403902,111.063276953502,136.311659424755,0.299358331590331
0,5,87.6987223551414,110.689235343359,135.804789806417,0.304559261585591
0,5,78.0477441508835,110.372537858598,135.370524931068,0.30899979159087
0,5,69.4588268045008,110.108181637876,135.006308994616,0.31271307737743
0,5,61.8150937422454,109.856259521666,134.706197350276,0.315765283671226
0,5,55.0125303025558,109.620898331632,134.46416347344,0.31822187744235
0,5,48.9585683216614,109.448762133137,134.273784345682,0.320151082010005
0,5,43.5708264812431,109.311351630734,134.128505046626,0.321621429227691
0,5,38.7759892770118,109.183302540752,134.021882957122,0.322699520602087
0,5,34.5088093533919,109.064396994177,133.947780871907,0.323448286424804
0,5,30.7112196282441,108.952862696225,133.900506788004,0.323925751871904
0,5,27.3315431255683,108.868727280509,133.874903834397,0.324184269829169
0,5,24.3237897637187,108.82068963055,133.866396812149,0.324270155930633
0,5,21.6470305299413,108.775060399265,133.871003336673,0.32422364956713
0,5,19.2648405251046,108.734500995849,133.885317946045,0.324079122501188
0,5,17.1448032996662,108.734443011578,133.906477082385,0.323865461550868
0,5,15.2580697359626,108.732777103637,133.932111877845,0.323606561010267
0,5,13.5789654741639,108.729621715168,133.960294446863,0.32332187184772
0,5,12.0846415398102,108.728796480876,133.991769360341,0.323003853919687
0,5,10.7547634187279,108.724509230074,134.022331085451,0.322694991221766
0,5,9.57123434830684,108.718498041026,134.051494093804,0.32240019854811
